,folder,file,score
0,Steph Pappas,NEW FALL CLOTHES TRY ON HAUL (- - Steph Pappas.txt,0.0
1,Steph Pappas,Trying Taco Bells VEGETARIAN ITEMS! - Steph Pappas.txt,0.0
2,Steph Pappas,Trying Burger Kings NEW MEATLESS Burger!! IMPOSSIBLE BURGER - Steph Pappas.txt,0.11668611435239205
3,Steph Pappas,Trying New Pizza Hut Stuffed Cheez-It-s! + MERCH IS OUT - Steph Pappas.txt,0.06215040397762585
4,Steph Pappas,Unboxing MINI BRANDS -SUPER RARE- - Steph Pappas.txt,0.0
5,Steph Pappas,Trying NEW Toasted Cheddar Chalupa from Taco Bell - Steph Pappas.txt,0.0
6,Steph Pappas,Trying NEW FALL STARBUCKS STUFF - Steph Pappas.txt,0.0
7,Steph Pappas,First Impression on SHANE DAWSON X JEFFREE STAR Conspiracy Palette!! _ Steph Pappas - English (auto.txt,0.0
8,Steph Pappas,Trying NEW Jack Skellington Frappe w- MY DOG - Steph Pappas.txt,0.0
9,Jon Rettinger,Apple Got Away With It.txt,0.10723860589812334
10,Jon Rettinger,iPhone 11 Pro Review_ Apple Won - English (auto.txt,0.18181818181818182
11,Jon Rettinger,There Are Too Many Galaxy S10s.txt,0.07874015748031496
12,Jon Rettinger,The Lightest Laptop- - LG Booth at CES 2019.txt,0.0
13,Jon Rettinger,Apple Always Wins.txt,0.07496251874062969
14,Jon Rettinger,iPhone XR vs Galaxy S10e.txt,0.22075055187637968
15,Jon Rettinger,iPhone 11 vs iPhone XR- Don‚Äôt Make A Mistake.txt,0.10643959552953698
16,Jon Rettinger,This is pretty RAD.txt,0.0
17,Jon Rettinger,Sunglasses With a Secret.txt,0.0
18,Jon Rettinger,You‚Äôll Want the Galaxy Fold.txt,0.1846153846153846
19,MotorTrend Channel,Head 2 Head - Tesla vs Everyone.txt,0.0
20,MotorTrend Channel,Head 2 Head FULL EPISODE - 2018 Ferrari 812 Superfast v 2019 Dodge Challenger Hellcat Redeye‚ÄîEp. 108.txt,0.07498125468632841
21,MotorTrend Channel,Ignition FULL EPISODE Maserati Levante- Are They Serious- - Season 15 Episode 187.txt,0.08605851979345956
22,MotorTrend Channel,Tire Rack Hot Lap- 2019 Mazda Miata RF.txt,0.0
23,MotorTrend Channel,Ignition FULL EPISODE Bentley Continental Supersports - Season 15 Episode 188.txt,0.06207324643078833
24,MotorTrend Channel,Ignition ‚Äî Best Cars Under $70K.txt,0.06341154090044387
25,MotorTrend Channel,Hot Hatch Battle! 2019 Honda Civic Type R vs. 2020 Hyundai Veloster N‚ÄîHead 2 Head Preview Ep. 116.txt,0.0
26,MotorTrend Channel,Ignition FULL EPISODE - 2018 McLaren 720S- Faster than a P1 AND Porsche 918 Spyder-‚ÄîEpisode 189.txt,0.05543237250554324
27,MotorTrend Channel,Tire Rack Hot Lap- Porsche GT3 RS.txt,0.0
28,MotorTrend Channel,2019 Aston Martin DBS Superleggera vs. 2020 Bentley Continental GT‚ÄîHead 2 Head Preview Ep. 114.txt,0.0
29,Shea Whitney,5 BEST Designer Items UNDER $500! -unboxings-.txt,0.1010611419909045
30,Shea Whitney,The BEST Items at the Nordstrom Anniversary Sale 2019! -sale is LIVE-.txt,0.18083182640144665
31,Shea Whitney,TRIPLE Luxury Handbag Unboxing! -open with me-.txt,0.09298000929800093
32,Shea Whitney,10 Amazon Products To MAKE YOUR LIFE EASIER!.txt,0.15408320493066258
33,Shea Whitney,10 NEW _ BEST-SELLING Things to Buy at SEPHORA!.txt,0.04861448711716091
34,Shea Whitney,Testing ‚ÄúBEST-SELLING‚Äù Items From Popular Stores - Worth the Hype-.txt,0.03505082369435682
35,Shea Whitney,10 BEST-SELLING Clothes _ Shoes from Walmart! -must-haves-.txt,0.10526315789473684
36,Shea Whitney,ICONIC HANDBAG UNBOXING! -finally bought it-.txt,0.0
37,Shea Whitney,My Entire Luxury Handbag Collection 2019 -best _ worst-.txt,0.07839038411288216
38,TheReportOfTheWeek,Trying Burger King-s NEW Impossible Whopper!!.txt,0.0
39,TheReportOfTheWeek,McDonald-s NEW Spicy BBQ Chicken Sandwich Review!.txt,0.0
40,TheReportOfTheWeek,Pizza Hut-s NEW Smoky Sriracha Chicken Wings Review.txt,0.06472491909385113
41,TheReportOfTheWeek,The McDonald-s Quarter Pounder Bacon Burger of my Dreams!.txt,0.08403361344537816
42,TheReportOfTheWeek,Sonic Fried Oreos Review!.txt,0.0
43,TheReportOfTheWeek,Taco Bell-s NEW Toasted Cheddar Chalupa Review.txt,0.0
44,TheReportOfTheWeek,KFC-s NEW Kentucky Fried Wings Review.txt,0.0
45,TheReportOfTheWeek,McDonald-s McRib is BACK!.txt,0.0
46,TheReportOfTheWeek,Recovering With Papa John-s Garlic Parmesan Crust Pizza.txt,0.0
47,TheReportOfTheWeek,Popeyes NEW Voodoo Chicken Tenders Review.txt,0.0
48,Laura Lee,I TRIED THE KYLIE COSMETICS HOLIDAY 2019 COLLECTION . we had hits and misses.txt,0.05314908317831517
49,Laura Lee,I BOUGHT A $100 EBAY MYSTERY MAKEUP BOX. was it worth it-.txt,0.0
50,Laura Lee,BIGGEST PR UNBOXING I EVER DONE. HUGE AMOUNT OF FREE MAKEUP.txt,0.025933609958506226
51,Laura Lee,I BOUGHT THE MOST EXPENSIVE MAKEUP FROM ULTA!.txt,0.0
52,Laura Lee,"TESTING NEW VIRAL OVER HYPED MAKEUP! ABH, Colourpop, and MORE!.txt",0.02797985450475658
53,Laura Lee,I TRIED A FULL FACE OF ESSENCE AFFORDABLE MAKEUP - HIT OR MISS-.txt,0.03170577045022194
54,Laura Lee,NEW DRUGSTORE MAKEUP AT TARGET!! HIT OR MISS-.txt,0.0
55,Laura Lee,BEST AND WORST FOUNDATIONS FOR OILY SKIN - DRUGSTORE AND HIGH END..txt,0.0
56,Laura Lee,I TRIED A FULL FACE OF NEW ELF MAKEUP. HIT OR MISS-.txt,0.036218761318362915
57,Laura Lee,I TRIED MAKEUP FROM URBAN OUTFITTERS . and it was interesting..txt,0.027240533914464723
58,Johnathan Morrison,Exclusive - The 2019 Mac Pro Launch Review!.txt,0.1652892561983471
59,Johnathan Morrison,iPhone 11 Pro Max Hands On!.txt,0.30927835051546393
60,Johnathan Morrison,The Definitive iPhone XR Review.txt,0.25850926324859974
61,Johnathan Morrison,Gold iPhone XS Max vs XS Unboxing + Comparison!(1).txt,0.23885350318471338
62,Johnathan Morrison,Apple AirPods 2 vs Samsung Galaxy Buds!.txt,0.1950585175552666
63,Johnathan Morrison,The Definitive Google Pixel 3 XL Review.txt,0.19455252918287938
64,Johnathan Morrison,Google Pixel 3 vs iPhone XS vs OnePlus 6T vs Note 9 Camera Review!(1).txt,0.14705882352941177
65,Johnathan Morrison,The BEST iPhone XR Accessories!.txt,0.3686635944700461
66,Johnathan Morrison,The Apple Pro Display XDR is UNDERRATED..txt,0.3421727972626176
67,Johnathan Morrison,All iPhone XR Colors Unboxing + Comparison(1).txt,0.14970059880239522
68,TechSource,Another Cool Gaming Keyboard - RK918 Review.txt,0.35118525021949076
69,TechSource,Cool PC Tech Under $50.txt,0.3019627579265224
70,TechSource,"Unboxing $10,000 Worth of Tech! - EP40.txt",0.09828009828009827
71,TechSource,Gaming on a 65 Inch Monitor! - OMEN X EMPERIUM 4K.txt,0.1976284584980237
72,TechSource,$450 Budget Gaming PC - Ryzen 5 3400G.txt,0.35511363636363635
73,TechSource,Acer Triton 500 - RTX 2060 (This is the one you want).txt,0.22909507445589922
74,TechSource,A Simple $500 Budget Gaming PC for Beginners.txt,0.2313030069390902
75,TechSource,The Best Budget 60_ RGB Keyboard just got better! - RK71 Review.txt,0.3167062549485352
76,TechSource,The Best Budget 60_ RGB Keyboard - RK61 Review.txt,0.17857142857142858
77,Dave Lee,Galaxy Note 10 - üíôüíú‚ù§Ô∏èüíõüíö.txt,0.33222591362126247
78,Dave Lee,ASUS ROG Phone 2 - ULTRA Fast!.txt,0.27586206896551724
79,Dave Lee,What Makes The Pixel 4 Special-.txt,0.26292725679228746
80,Dave Lee,Razer VIPER - Their Lightest Gaming Mouse!.txt,0.1006036217303823
81,Dave Lee,Razer‚Äôs TINY Gaming Laptop.txt,0.28429282160625446
82,Dave Lee,My AirPods Pro Review.txt,0.07331378299120235
83,Dave Lee,I Found the Best Gaming Mouse.txt,0.0
84,Dave Lee,The 6-Core XPS 13.txt,0.1531393568147014
85,Dave Lee,But Can Your iPhone 11 Do THIS-!! - The NEW Galaxy Fold.txt,0.15026296018031557
86,Dave Lee,Lenovo Y540 - Pick the Right Gaming Laptop!.txt,0.0
87,FlavCity With Bobby Parrish,HUGE Coffee Creamer Review - Which Ones To Buy.txt,0.0
88,FlavCity With Bobby Parrish,Target Grocery Haul - Reviewing Target-s NEW Good _ Gather Line.txt,0.0350385423966363
89,FlavCity With Bobby Parrish,"The BEST Tortillas At The Grocery Store - Wraps, Chips, Low Carb, _ More!.txt",0.02482005460412013
90,FlavCity With Bobby Parrish,Every Nut Milk.txt,0.03894080996884735
91,FlavCity With Bobby Parrish,The Best Lunch Meat To Buy At The Grocery Store...And What To Avoid! - English (auto.txt,0.0700280112044818
92,FlavCity With Bobby Parrish,Top 20 Most Exciting New Items At Trader Joe_s...And We Got Kicked Out..AGAIN! - English (auto.txt,0.0
93,FlavCity With Bobby Parrish,Trader Joe-s Frozen Food Review - What to Buy _ Avoid!.txt,0.0
94,FlavCity With Bobby Parrish,Top 20 Healthy Snacks You Can Buy - Back To School Snack Review - English (auto.txt,0.027114967462039046
95,FlavCity With Bobby Parrish,BIG Ice Cream Review At The Grocery Store - What To Buy And Avoid! - English (auto.txt,0.028620492272467084
96,FlavCity With Bobby Parrish,Top 20 Keto Products At Walmart - Clean Keto Grocery Haul.txt,0.021944261575597982
97,RegularCars,1962 Buick LeSabre- Regular Car Reviews.txt,0.0
98,RegularCars,1982 Mazda RX-7 FB- Regular Car Reviews.txt,0.25
99,RegularCars,2011 Volkswagen XL1- Regular Car Reviews.txt,0.0
100,RegularCars,1972 Datsun 240Z- Regular Car Reviews.txt,0.12305168170631665
101,RegularCars,2009 Nissan R35 GT-R- Regular Car Reviews.txt,0.22598870056497175
102,RegularCars,2001 Suzuki SV650- Regular Car Reviews.txt,0.061274509803921566
103,RegularCars,1997 Toyota Tercel- Regular Car Reviews.txt,0.2991772625280479
104,RegularCars,1974 Volkswagen Super Beetle 1600- Regular Car Reviews.txt,0.053163211057947905
105,BULL1TRC,NIKE SNKRS CAN‚ÄôT STOP ME! UNBOXING THE MOST ANTICIPATED SNEAKERS OF 2019! MAJOR HEAT ALERT!.txt,0.0
106,BULL1TRC,THE #1 AFFORDABLE SNEAKER FOR $110 YOU‚ÄôRE STILL SLEEPING ON- (FALL-WINTER 2019) EARLY LOOK!.txt,0.0
107,BULL1TRC,WEEKLY SNEAKER ROTATION ON FEET #43 WE GOT HEAT! What I Wore Ft. NIKE _ ADIDAS #NUMEROCUARENTAYTRES.txt,0.03734129947722181
108,BULL1TRC,UNBOXING ONE OF THE CRAZIEST SNEAKERS OF 2019! MAJOR HEAT.txt,0.03473428273706148
109,BULL1TRC,"UNBOXING A TON OF DOPE SH!T! MAJOR HEAT _ EARLY SNEAKERS! ADIDAS, VINTAGE _ - FALL STREETWEAR HAUL!.txt",0.0762582613116421
110,BULL1TRC,WORTH $160- AIR JORDAN 1 FEARLESS REVIEW _ ON FEET! EARLY LOOK!.txt,0.0
111,BULL1TRC,UNBOXING ONE OF THE CRAZIEST SNEAKERS OF 2019 EARLY! MAJOR HEAT _ CUSTOM NIKES! DON‚ÄôT SLEEP!.txt,0.06642311524410495
112,BULL1TRC,TOP 10 BACK TO SCHOOL SNEAKERS UNDER $100 - English (auto.txt,0.029455081001472753
113,BULL1TRC,UNBOXING ONE OF THE BEST BACK TO SCHOOL SNEAKERS FOR $110! 1 OF 8 EXCLUSIVE UNBOXING FROM FOOTLOCKER.txt,0.0
114,BULL1TRC,WORTH $225!_ REFLECTIONS OF A CHAMPION AIR JORDAN 6 ON FEET REVIEW! - English (auto.txt,0.0
115,Jeremy Jahns,Terminator_ Dark Fate - Movie Review - English (auto.txt,0.0
116,Jeremy Jahns,Ford v Ferrari - Movie Review - English (auto.txt,0.0
117,Jeremy Jahns,Countdown - Movie Review - English (auto.txt,0.1841620626151013
118,Jeremy Jahns,Gemini Man - Movie Review - English (auto.txt,0.0
119,Jeremy Jahns,El Camino_ A Breaking Bad Movie - Movie Review - English (auto.txt,0.0
120,Jeremy Jahns,Joker - Movie Review - English (auto.txt,0.0
121,Jeremy Jahns,Doctor Sleep - Movie Review.txt,0.0
122,Jeremy Jahns,Zombieland_ Double Tap - Movie Review - English (auto.txt,0.0
123,Jeremy Jahns,Rambo_ Last Blood - Movie Review - English (auto.txt,0.19685039370078738
124,Wear Testers,Nike LeBron 17 Performance Review.txt,0.0
125,Wear Testers,Nike Kyrie 6 Performance Review.txt,0.0
126,Wear Testers,Nike Kobe AD NXT FastFit Performance Review.txt,0.03325573661456601
127,Wear Testers,adidas Harden Vol 4 Performance Review.txt,0.08322929671244278
128,Wear Testers,ANTA KT 5 Performance Review.txt,0.0
129,Wear Testers,Nike Joyride Run Flyknit Performance Review.txt,0.0
130,Wear Testers,Under Armour Curry 7 Performance Review.txt,0.0
131,Wear Testers,Nike Zoom Rize Performance Review.txt,0.0
132,Wear Testers,Air Jordan 12 -FIBA- Review.txt,0.0
133,Wear Testers,PUMA Clyde Hardwood Performance Review.txt,0.0749063670411985
134,Doug DeMuro,Here-s Why the Infiniti Q50 Red Sport 400 Could Be Better.txt,0.1221001221001221
135,Doug DeMuro,The 2020 Hyundai Palisade Is a Bargain Luxury SUV.txt,0.1001602564102564
136,Doug DeMuro,The Lancia Delta Integrale Is the Greatest Hot Hatch Ever Made.txt,0.08405127127547804
137,Doug DeMuro,Here-s Why the 2020 Subaru Outback Is America-s Favorite Wagon.txt,0.10827197921178
138,Doug DeMuro,Here-s Why the $2 Million McLaren P1 Is the Ultimate Modern McLaren.txt,0.13392259274139548
139,Doug DeMuro,The 2020 Audi R8 Is Still an Amazing Supercar.txt,0.09291521486643438
140,Doug DeMuro,The 2020 Mercedes GLS Is an Ultra-Luxury Family SUV.txt,0.13518733101583622
141,Doug DeMuro,"The Original Audi TT Is an Underrated, Beautiful Car.txt",0.1229256299938537
142,Doug DeMuro,The 2020 Porsche 911 992 Is the Newest Version of an Icon(1).txt,0.15469233413544173
143,Doug DeMuro,The 2020 Porsche 911 992 Is the Newest Version of an Icon.txt,0.15469233413544173
144,Hyram,The Truth About Dermalogica - English (auto.txt,0.07015082427218519
145,Hyram,My Top Skin Care Brands of All Time!.txt,0.11971268954509177
146,Hyram,The Truth About The Ordinary.txt,0.16155088852988692
147,Hyram,Primera Skin Care- Worth It-.txt,0.13188262446422683
148,Hyram,The Truth About Pixi Skin Care.txt,0.03208213025344883
149,Hyram,The Best Korean Skin Care for OILY Skin - YesStyle.txt,0.0716075904045829
150,Hyram,The Truth About Glossier Skin Care - English (auto.txt,0.11564035848511131
151,Hyram,The Truth About Fourth Ray Beauty.txt,0.0
152,Hyram,The Truth About Krave Beauty.txt,0.05415651232060655
153,Hyram,The Truth About Dr. Jart.txt,0.06939625260235947
154,Dope or Nope,Buying _ Trying Every Vat19 Mystery Box!.txt,0.0
155,Dope or Nope,10 Amazing Kid Toys Adults Use for Themselves!.txt,0.02198768689533861
156,Dope or Nope,Trying 10 Army Foods VS Gourmet Foods!.txt,0.0
157,Dope or Nope,We Bought EVERYTHING Amazon Auto-Complete Told Us To!.txt,0.051124744376278126
158,Dope or Nope,Unboxing Cheap vs Expensive Products from Five Below!.txt,0.0
159,Dope or Nope,10 of The Strangest Amazon Products Under $10!.txt,0.0
160,Dope or Nope,Unboxing 10 Customized Products We Bought Online!.txt,0.0
161,Dope or Nope,Unboxing a Mystery APOCALYPTIC Crate!.txt,0.0
162,Dope or Nope,10 Products That Prove You Have Money To Waste!.txt,0.0217296827466319
163,Dope or Nope,Unboxing 10 Products That Our Fans Told Us To Buy!.txt,0.0
164,Linus Tech Tips,The iPhone 11 Pro Max is great.txt,0.2640513013956997
165,Linus Tech Tips,AMD is Making Laptops Affordable.txt,0.22710068130204392
166,Linus Tech Tips,The BEST Keyboards Under $75!.txt,0.21294718909710392
167,Linus Tech Tips,64 Core EPYC CPU ‚Äì HOLY $H!T.txt,0.28388928317955997
168,Linus Tech Tips,Amazon vs Walmart Budget Tablet Showdown! - ONN Tablet.txt,0.1854140914709518
169,Linus Tech Tips,Could This Be My New Laptop- - ThinkPad X390 Review.txt,0.29806259314456035
170,Linus Tech Tips,The SMALLEST No-Compromises Laptop - GPD P2 Max Ultrabook.txt,0.1859427296392711
171,Linus Tech Tips,The Craziest 17 inch Laptop! - LG Gram 17 Review.txt,0.3028009084027252
172,Linus Tech Tips,Porsche Made a LAPTOP-- ‚Äì Book One Review.txt,0.18399264029438822
173,Linus Tech Tips,Intel Could Take YEARS to Catch Up‚Ä¶ - Ryzen 9 3950X Review.txt,0.18472906403940886
174,Redline Reviews,"The 2019 WRX STI S209 is the MOST Powerful, Rare, and Expensive Subaru Ever Made.txt",0.15405946695424433
175,Redline Reviews,Is the 2020 Kia Stinger GTS the Ultimate Stinger You Can Buy-.txt,0.14989293361884368
176,Redline Reviews,The 2019 Mercedes-AMG G63 is the SUV Embodiment of Gluttony.txt,0.2167487684729064
177,Redline Reviews,The 2019 Mercedes-Benz A220 is a Baby Benz Worthy of the 3-Pointed Star.txt,0.16989022477783586
178,Redline Reviews,The 2020 Ford Mustang Shelby GT500 Would Make Carroll Shelby Proud.txt,0.15829046299960428
179,Redline Reviews,2020 Rolls-Royce Cullinan Black Badge ‚Äì Redline- First Look.txt,0.24922118380062305
180,Redline Reviews,Does AWD and a Facelift Make The 2019 Toyota Prius More Appealing-.txt,0.14701078079059132
181,Redline Reviews,Are the Changes to the 2020 Honda Civic Si Enough to Make it a Baby Type R-.txt,0.16938386618674572
182,Redline Reviews,Is the 2020 Volvo XC90 T8 Still the Most Elegant Luxury SUV-.txt,0.09761811792268645
183,Redline Reviews,The 2020 Dodge Charger Hellcat Widebody is an Insane 707 HP 4-Door Muscle Car.txt,0.120312813314618
184,TheStraightPipes,2020 BMW M850i Gran Coupe Review - Is a 4 Door Coupe Really a Coupe-.txt,0.0687757909215956
185,TheStraightPipes,2010 Mk6 VW GTI Review - The BEST Used Car-.txt,0.0
186,TheStraightPipes,1999 Plymouth Prowler Review.txt,0.0
187,TheStraightPipes,2020 Lincoln Aviator Review - American Luxury Done Right.txt,0.10435690060005218
188,TheStraightPipes,2020 BMW X4M Competition Review - Track Monster.txt,0.039077764751856196
189,TheStraightPipes,2020 Tesla Model 3 Performance Review with @Engineering Explained.txt,0.09278159213212099
190,TheStraightPipes,2020 Porsche Macan S Review - The Sweet Spot.txt,0.0
191,TheStraightPipes,2019 Mazda MX-5 Miata 30th Anniversary Edition Review - Limited Worldwide!.txt,0.07651109410864575
192,TheStraightPipes,The Lexus GS F is a Reliable V8 Burnout Machine.txt,0.09956853634251576
193,Mia Maples,TRYING SWIMSUITS FROM WALMART - I am impressssseddd!!!.txt,0.05216484089723526
194,Mia Maples,Reviewing Shane Dawson‚Äôs NEW Merch Line !!.txt,0.14214641080312723
195,Mia Maples,Huge ¬£5 SHOE HAUL!! VERY hit _ miss!!.txt,0.0
196,Mia Maples,Testing Interesting Back to School Supplies FROM WISH!!.txt,0.09115770282588878
197,Mia Maples,UNBOXING WIG MYSTERY BOXES!! - Whaaaaat--. I-m Excited.txt,0.03292723081988805
198,Mia Maples,Unboxing Jeffree Star Mystery Boxes!! AGAIN. _ Late again!!.txt,0.06963788300835655
199,Mia Maples,TRYING DOLLSKILL HALLOWEEN COSTUMES . it got weird again !!.txt,0.10253781081773904
200,Mia Maples,TRYING AFFORDABLE WIGS FROM AMAZON. I-m Impressed !!.txt,0.031138097462245055
201,Mia Maples,Unboxing Jeffree Star Mystery Boxes!! AND. doing my makeup w- what I got !!.txt,0.09263547938860583
202,Mia Maples,I Spent Too Much $$$ on Nasty Gal. AND IT WAS WORTH IT!!.txt,0.020008003201280513
203,Seth Fowler,OFF WHITE Nike Vapor Street REVIEW _ On Feet.txt,0.0
204,Seth Fowler,IS IT WORTH $800- Balenciaga Speed Trainer REVIEW _ On Feet.txt,0.16034206306787815
205,Seth Fowler,Air Jordan 1 Fearless Review _ On Feet.txt,0.06138735420503376
206,Seth Fowler,Air Jordan 11 Bred 2019 REVIEW _ On Feet.txt,0.12082158679017317
207,Seth Fowler,Adidas YEEZY 500 Soft Vision Review _ On Feet.txt,0.2025658338960162
208,Seth Fowler,Adidas ULTRABOOST 20 Review _ On Feet.txt,0.08136696501220504
209,Seth Fowler,Nike KYRIE 6 UNBOXING _ Initial REVIEW.txt,0.0
210,Marques Brownlee,Apple Watch Series 4 Review- It-s About Time!.txt,0.1967535661583866
211,Marques Brownlee,AirPods Pro Review- Imperfectly Perfect!.txt,0.05611672278338946
212,Marques Brownlee,16 MacBook Pro Review- Now Do It Again!.txt,0.22893772893772896
213,Marques Brownlee,16 Macbook Pro First Impressions!.txt,0.21739130434782608
214,Marques Brownlee,OnePlus 7T Pro- Tiny Tweaks to Excellence!.txt,0.22692889561270801
215,Marques Brownlee,The 108-Megapixel Smartphone Camera-!.txt,0.257201646090535
216,Marques Brownlee,"OnePlus 6T Review- New Design, Same Price!.txt",0.22509848058525606
217,Marques Brownlee,iPhone 11 Pro Impressions- What a Name!.txt,0.19543973941368079
218,Marques Brownlee,Beats Solo Pro- Return to Excellence!.txt,0.0
219,Marques Brownlee,Google Pixel 3 XL Review- The Shadow of the Notch!.txt,0.25957170668397145
220,Marques Brownlee,Asus ROG Phone 2 Review- The Spec King!.txt,0.3336113427856547
221,CNET,Motorola Razr first look- A foldable and flip phone in one.txt,0.20678246484698098
222,CNET,Snap Spectacles 3 review- $380 sunglasses ready for AR.txt,0.26041666666666663
223,CNET,LG G8X review- $700 dual-screen phone takes aim at foldable phones.txt,0.34423407917383825
224,CNET,iPhone 11 and 11 Pro review- 2 months later.txt,0.09638554216867469
225,CNET,Google Stadia is FINALLY here- hands-on first impressions.txt,0.0
226,CNET,Apple-s new 16-inch MacBook Pro- hands-on first impressions.txt,0.31269543464665417
227,CNET,Pixel 4 vs. OnePlus 7T.txt,0.23148148148148145
228,CNET,Motorola Razr vs Galaxy Fold- Full comparison.txt,0.2802428771602055
229,CNET,Amazon Echo Show 8 review- Alexa is getting even better.txt,0.33003300330033003
230,CNET,AirPods Pro vs. Amazon Echo Buds.txt,0.09935419771485346
231,Android Authority,Huawei P30 Pro review- The phone that sees in the dark..txt,0.27533039647577096
232,Android Authority,Realme 3 Pro Review- Xiaomi Should Be Worried.txt,0.13550135501355012
233,Android Authority,Asus Zenfone 6 Review- Flip the switch!.txt,0.17035775127768313
234,Android Authority,Oppo Reno 10x Zoom Edition review- A serious Huawei P30 Pro rival.txt,0.09569377990430622
235,Android Authority,Asus Zenfone 6 Camera Review (Camera 3-60 Episode 8).txt,0.2590673575129534
236,Android Authority,Honor 20 Pro review- Everyday luxury.txt,0.30303030303030304
237,Android Authority,Asus Zenfone 6 Review- Flip the switch!(1).txt,0.17035775127768313
238,Android Authority,Huawei-s Kirin 990 can do WHAT-.txt,0.38022813688212925
239,Android Authority,Galaxy Note 10 Plus review- Not the Note you know.txt,0.18738288569643974
240,Android Authority,OnePlus 7 Pro camera review (Camera 3-60 episode 7).txt,0.0
241,KathleenLights,AUGUST FAVORITES - 2019.txt,0.10766194150367844
242,KathleenLights,SEPTEMBER FAVORITES - 2019.txt,0.09924573243350536
243,KathleenLights,COLOURPOP-S Best Launch Yet-! -new- Pretty Fresh Collection.txt,0.10253781081773904
244,KathleenLights,NOVEMBER BOXYCHARM UNBOXING _ 2019 (Try on- First Impressions) - English (auto.txt,0.13908205841446453
245,KathleenLights,OCTOBER FAVORITES - 2019 - best makeup of the month!.txt,0.021496130696474634
246,KathleenLights,TRYING NEW ANASTASIA MAKEUP _ Foundation Wear Test Jackie Aina Palette!!!!!!! - English (auto.txt,0.08976660682226212
247,KathleenLights,FULL FACE OF THE MOST EXPENSIVE MAKEUP AT SEPHORA $$$.txt,0.057814607824243594
248,KathleenLights,NOVEMBER BOXYCHARM UNBOXING - 2019 (Try on- First Impressions).txt,0.13908205841446453
249,KathleenLights,THIS TATI BEAUTY PALETTE . OMG!!.txt,0.0
250,KathleenLights,PRODUCTS I USED UP + Would I Repurchase.-! hits + misses - EMPTIES.txt,0.07465472191116088
251,TheNeedleDrop,Lightning Bolt - Sonic Citadel ALBUM REVIEW.txt,0.0
252,TheNeedleDrop,Kanye West - Jesus Is King ALBUM REVIEW.txt,0.15929908403026682
253,TheNeedleDrop,Caroline Polachek - Pang ALBUM REVIEW.txt,0.1342281879194631
254,TheNeedleDrop,Michael Kiwanuka - Kiwanuka ALBUM REVIEW.txt,0.061124694376528114
255,TheNeedleDrop,Anamanaguchi - [USA] ALBUM REVIEW.txt,0.06207324643078833
256,TheNeedleDrop,Westside Gunn - HWH7 MIXTAPE REVIEW.txt,0.0
257,TheNeedleDrop,FKA twigs - Magdalene ALBUM REVIEW.txt,0.12961762799740764
258,TheNeedleDrop,Gang Starr - One of the Best Yet ALBUM REVIEW.txt,0.051759834368530024
259,Jacques Slade,UNBOXING- Nike KOBE IV Carpe Diem.txt,0.06045949214026602
260,Jacques Slade,The New Balance 801 Herschel Collab is Next LEVEL.txt,0.041718815185648725
261,Jacques Slade,Hands On- Nike Air Zoom Freak 1.txt,0.0
262,Jacques Slade,LUXURY LIFE- RICK ROSS X WOW LIMITED EDITION SNEAKERS.txt,0.0
263,Jacques Slade,FIRST LOOK- NIKE JOYRIDE FLYKNIT Review.txt,0.0
264,Jacques Slade,UNBOXING- LeBron-s High School SNEAKER.txt,0.0
265,Jacques Slade,UNBOXING- Super LIMITED Air Jordan 1 Designed by Michael Jordan (1 of 300).txt,0.0
266,Jacques Slade,UNBOXING- AIR JORDAN 1 Travis Scott SNEAKER Review.txt,0.04514672686230248
267,Jacques Slade,FIRST LOOK- Air JORDAN 6 x PSG COLLABORATION.txt,0.14814814814814814
268,Austin Evans,The BEST Game Controller üéÆ.txt,0.1294777729823047
269,Austin Evans,The Ultimate 2019 iPad Comparison.txt,0.20093770931011384
270,Austin Evans,Is the 2019 Razer Blade Worth It-.txt,0.22075055187637968
271,Austin Evans,RAZR- The Folding Phone You ACTUALLY Want.txt,0.2544529262086514
272,Austin Evans,The ALL AMD Gaming Laptop.txt,0.258732212160414
273,Austin Evans,iPhone 11 Review - Buy this one..txt,0.12310217480508823
274,Austin Evans,The $1000 Camera Challenge.txt,0.11467889908256881
275,Austin Evans,Redmi Note 7 - The New Value King.txt,0.13192612137203166
276,Austin Evans,OnePlus 7T Review - Shut up and take my MONEY.txt,0.15552099533437014
277,Austin Evans,Is the OnePlus 7 Pro Worth It-.txt,0.1010611419909045
278,Pocket Now,The ASUS Zenfone 6 is just a joy!.txt,0.1152073732718894
279,Pocket Now,OnePlus 7 Pro After One Month - The phone you WANT-!(1).txt,0.297029702970297
280,Pocket Now,Google Pixelbook Go Review- The Almost PERFECT Chromebook-!.txt,0.0
281,Pocket Now,Samsung Galaxy Fold Review- The Future is ALMOST here-!.txt,0.23059185242121444
282,Pocket Now,Honor 9X- 5 Great Features!.txt,0.2955665024630542
283,Pocket Now,Huawei Mate 30 Pro with TWO 40 Megapixel Cameras-!(1).txt,0.16906170752324598
284,Pocket Now,The Samsung Galaxy Fold Is Awesome!.txt,0.3058103975535168
285,Pocket Now,Xiaomi Mi 9 Review- Quietly solid.txt,0.23076923076923078
286,Pocket Now,AirPods Pro First Impressions!.txt,0.1926782273603083
287,Pocket Now,Let-s revisit the HONOR View20.txt,0.25493945188017847
288,UrAverageConsumer,OnePlus 7 Pro Review - REAL Day in the Life!.txt,0.14049877063575694
289,UrAverageConsumer,Giant Surface Studio 2 Unboxing + Desk Setup!.txt,0.28735632183908044
290,UrAverageConsumer,iPhone XS Smart Battery Case - The Good _ The Bad.txt,0.3143006809848088
291,UrAverageConsumer,The Ultimate UAC PS4 Pro!.txt,0.1455604075691412
292,UrAverageConsumer,NEW PowerBeats Pro Unboxing - Better than AirPods-.txt,0.12300123001230012
293,UrAverageConsumer,Trying the NEW Xbox Elite Controller S2 + Project Scarlett Details!.txt,0.2061855670103093
294,UrAverageConsumer,Samsung Galaxy S10e - The Good _ The Bad.txt,0.16488046166529266
295,UrAverageConsumer,AirPods 2 (2019)- The Perfect AirPods-.txt,0.0
296,UrAverageConsumer,OnePlus 7 Pro - Unboxing + Best Features!.txt,0.13054830287206268
297,Chris Stuckmann,Knives Out - Movie Review.txt,0.08097165991902834
298,Chris Stuckmann,Gemini Man - Movie Review.txt,0.1918158567774936
299,Chris Stuckmann,Countdown - Movie Review.txt,0.05714285714285715
300,Chris Stuckmann,The Irishman - Movie Review.txt,0.2898550724637681
301,Chris Stuckmann,Parasite - Movie Review.txt,0.3045685279187817
302,Chris Stuckmann,Official Secrets - Movie Review.txt,0.24937655860349126
303,Chris Stuckmann,The Omen - Movie Review.txt,0.07457121551081282
304,Chris Stuckmann,Playing with Fire - Movie Review.txt,0.15881418740074113
305,Chris Stuckmann,Charlie-s Angels - Movie Review.txt,0.0
306,Chris Stuckmann,Frozen II - Movie Review.txt,0.09041591320072333
307,AngryJoeShow,Terminator- Dark Fate - Angry Review [NO-Spoilers!].txt,0.1705653021442495
308,AngryJoeShow,The Mandalorian Episode 2 - Angry Review.txt,0.03773584905660377
309,AngryJoeShow,The Mandalorian Episode 1 - Angry Review.txt,0.029568302779420463
310,AngryJoeShow,Call of Duty- Modern Warfare Angry Review.txt,0.06474587245063128
311,AngryJoeShow,Death Stranding Angry Review.txt,0.03759398496240602
312,AngryJoeShow,Ghost Recon Breakpoint Angry Review.txt,0.0851063829787234
313,AngryJoeShow,Doctor Sleep Angry Movie Review.txt,0.030216044719746184
314,AngryJoeShow,MediEvil (2019) Rapid Fire Review.txt,0.1729106628242075
315,AngryJoeShow,Midway Angry Movie Review.txt,0.0
316,AngryJoeShow,Planet Zoo Rapid Fire Review.txt,0.1599360255897641
317,Unbox Therapy,Unboxing The Enormous New Razer Blade.txt,0.0
318,Unbox Therapy,The World-s First Dual-Screen Gaming Laptop.txt,0.08438818565400844
319,Unbox Therapy,Unboxing The Waterfall Smartphone.txt,0.0
320,Unbox Therapy,Bose 700 Headphones - Are They The Best-.txt,0.05271481286241434
321,Unbox Therapy,OnePlus 7 Pro Is The Best Smartphone Overall.txt,0.1989389920424403
322,Unbox Therapy,The Sony WF-1000XM3 Just Changed The Game.txt,0.06309148264984228
323,Unbox Therapy,Samsung Galaxy Fold Unboxing.txt,0.1529831718510964
324,Unbox Therapy,The Most Powerful Smartphone In The World.txt,0.15360983102918588
325,Unbox Therapy,The Redmi K20 Pro Is The New Value Champion.txt,0.1665741254858412
326,Unbox Therapy,Unboxing The New Samsung Galaxy Fold.txt,0.3058103975535168
327,Gameranx,Grid - Before You Buy.txt,0.17605633802816903
328,Gameranx,Top 20 NEW Sci-fi Games of 2019.txt,0.14041656915516032
329,Gameranx,Pokemon Sword-Shield - Before You Buy.txt,0.0
330,Gameranx,Star Wars Jedi- Fallen Order - Before You Buy.txt,0.17006802721088435
331,Gameranx,The Outer Worlds - Before You Buy.txt,0.22522522522522523
332,Gameranx,Top 25 NEW PC Exclusive Games of 2019.txt,0.16066838046272494
333,Gameranx,Witcher 3 SWITCH - Before You Buy.txt,0.08733624454148471
334,Gameranx,Top 15 NEW FREE Games of 2019.txt,0.1846381093057607
335,Gameranx,Death Stranding - Before You Buy.txt,0.0
336,Flossy Carter,Red Magic 3S - This Gaming Phone Is a BEAST!.txt,0.12233912405187179
337,Flossy Carter,AirPods Pro - Real Review.txt,0.02965599051008304
338,Flossy Carter,Google Pixel 4 XL Real Review.txt,0.1312048983162038
339,Flossy Carter,iPhone 11 Pro Max Real Review.txt,0.11816838995568685
340,Flossy Carter,LG G8X - Dual Screens - Foldable Phone.txt,0.08640552995391705
341,Flossy Carter,ASUS ROG 2 - The Best Deal On Android-.txt,0.19710906701708278
342,Flossy Carter,Google Pixel 4 XL - Unboxing and First Impressions.txt,0.07017543859649122
343,Flossy Carter,Samsung Galaxy Watch Active 2 - Real Review.txt,0.025933609958506226
344,Flossy Carter,ZTE AXON 10 PRO - Real Review.txt,0.0716075904045829
345,Flossy Carter,Razer HammerHead - Truly Wireless Earbuds.txt,0.0
346,Rachel Ballinger,Testing Bathroom Products!.txt,0.0
347,Rachel Ballinger,Cheap Kitchen Gadgets pt. 700.txt,0.03274394237066143
348,Rachel Ballinger,Testing Weird Beauty Gadgets.txt,0.0
349,Rachel Ballinger,Testing Cooling Dog Products.txt,0.03947887879984208
350,Rachel Ballinger,Target Vs. Name Brand.txt,0.0
351,Rachel Ballinger,99 Cent Store Vs. Target!.txt,0.06922810661128419
352,Rachel Ballinger,Cheap Kitchen Gadgets pt. 3.txt,0.0
353,Rachel Ballinger,Testing Weird Cleaning Products.txt,0.0
354,Rachel Ballinger,Testing Useful Rain Products!.txt,0.0
355,Rachel Ballinger,Raiding Target-s Clearance Section.txt,0.04030632809351068
356,Saabkyle04,"2019 Buick Regal TourX Essence- Start Up, Test Drive _ In Depth Tour.txt",0.13543253766717453
357,Saabkyle04,"2019 Hyundai Elantra GT N-Line- Start Up, Test Drive _ In Depth Tour.txt",0.17164435290078955
358,Saabkyle04,"1995 Chevrolet Impala SS- Start Up, Test Drive _ In Depth Tour.txt",0.1212856276531231
359,Saabkyle04,"2019 Nissan Leaf Plus- Start Up, Test Drive _ In Depth Tour.txt",0.13908205841446453
360,Saabkyle04,"2019 Polaris Slingshot Grand Touring- Start Up, Test Drive _ In Depth Tour.txt",0.05871990604815032
361,Saabkyle04,"1991 Honda Beat- Start Up, Test Drive _ In Depth Tour.txt",0.06637902422834385
362,Saabkyle04,"2019 Jeep Wrangler Unlimited Sahara- Start Up, Test Drive _ In Depth Tour.txt",0.10183299389002036
363,Saabkyle04,"2020 Toyota GR Supra- Start Up, Test Drive _ In Depth Tour.txt",0.16469942355201758
364,Saabkyle04,"2020 BMW Z4 M40i- Start Up, Test Drive _ In Depth Tour.txt",0.199033266988911
365,Saabkyle04,"2019 BMW M5 Competition- Start Up, Test Drive _ In Depth Tour.txt",0.1753067868770348
366,Lamarr Wilson,BEST Nintendo Switch 3rd Party Controllers! - English (auto.txt,0.1557632398753894
367,Lamarr Wilson,iPhone 11 Pro Review_ Apple Won - English (auto.txt,0.18181818181818182
368,Lamarr Wilson,Xbox One X Gears 5 Limited Edition Bundle UNBOXING! - English (auto.txt,0.0
369,Lamarr Wilson,Trying Tetris 99 for the FIRST TIME! - English (auto.txt,0.0
370,Lamarr Wilson,$250 Apple Powerbeats Pro First Impressions! - English (auto.txt,0.0
371,Lamarr Wilson,Should you buy the Nintendo Switch Lite_ First Impressions! - English (auto.txt,0.10626992561105207
372,Lamarr Wilson,Xbox GEARS 5 Crimson Lancer MK3 UNBOXING! - English (auto.txt,0.0
373,Lamarr Wilson,Trying the new Xbox ELITE Controller SERIES 2 - Setup _ Fortnite Gameplay!.txt,0.046598322460391424
374,Lamarr Wilson,I tried Google Stadia [First Impressions].txt,0.0
375,Lamarr Wilson,Trying the NEW Xbox One Wireless RACING WHEEL! - English (auto.txt,0.0
376,The Verge,Apple AirPods 2 review- even more wireless.txt,0.4775549188156638
377,The Verge,Oculus Quest review- can this save VR-.txt,0.22701475595913734
378,The Verge,These Sony earbuds do what AirPods can‚Äôt.txt,0.16792611251049538
379,The Verge,Samsung Galaxy Fold review- after the break.txt,0.2285714285714286
380,The Verge,Android Q- exclusive hands-on with the new features.txt,0.3270111183780248
381,The Verge,"Samsung Galaxy S10E review- smaller, cheaper, better.txt",0.14104372355430184
382,The Verge,iPad mini 2019 review- the best small tablet.txt,0.20775623268698062
383,The Verge,Sony Xperia 1 review- a tall order.txt,0.3139717425431711
384,The Verge,"OnePlus 7 Pro review- amazing screen, solid camera.txt",0.30599755201958384
385,The Verge,Google Pixel 3A review- a $399 phone with a great camera.txt,0.17699115044247787
386,The Fast Lane Car,2020 Porsche Taycan Turbo S Review ‚Äî Here-s Why Tesla Should Be Very Worried!.txt,0.17595307917888564
387,The Fast Lane Car,Big vs Little EV ‚Äî We Compare The Cheapest and Priciest Electric Cars You Can Buy - Adventure X Ep.8.txt,0.02966478789676654
388,The Fast Lane Car,Can a Used Porsche Cayenne Turbo Beat a New Tesla Model X in a Drag Race- Adventure X Ep.10.txt,0.05737234652897303
389,The Fast Lane Car,Lexus GX 460 vs Toyota Land Cruiser- Is The GX The New KING Of Overlanding-.txt,0.10193679918450561
390,The Fast Lane Car,2020 Dodge Charger Hellcat Widebody vs Scat Pack Widebody - You-ll Be Surprised Which One We-d Buy!.txt,0.1006036217303823
391,The Fast Lane Car,Is The New EV Porsche Taycan Turbo S Faster Than a Tesla In Ludicrous Mode-.txt,0.12964563526361278
392,The Fast Lane Car,2020 Toyota Sequoia vs 4Runner TRD Pro - Which One Is Better Off-Road-.txt,0.117096018735363
393,The Fast Lane Car,Ford Explorer ST vs Dodge Durango SRT Drag Race - Can a $600 Tune Beat America-s Fastest 3-Row SUV-.txt,0.06402048655569782
394,The Fast Lane Car,"Is a $4000, 15-Year-Old VW Touareg Better Than A Brand New $50K 2019 Volkswagen Atlas-.txt",0.0
395,The Fast Lane Car,The New 2020 Ford Mustang Shelby GT500 is Much Better Than You Think ‚Äî Here-s Why!.txt,0.21450021450021448
